{
  "openapi": "3.0.0",
  "info": {
    "title": "Dog API",
    "version": "1.0.0",
    "description": "API for managing Dog resources"
  },
  "servers": [
    {
      "url": "http://localhost:3000",
      "description": "Local server"
    }
  ],
  "paths": {
    "/dogs": {
      "get": {
        "summary": "Get a list of dogs",
        "parameters": [
          {
            "in": "query",
            "name": "page",
            "schema": { "type": "integer", "default": 1 },
            "description": "Page number for pagination"
          },
          {
            "in": "query",
            "name": "limit",
            "schema": { "type": "integer", "default": 10 },
            "description": "Number of items per page"
          },
          {
            "in": "query",
            "name": "breed",
            "schema": { "type": "string" },
            "description": "Filter by breed"
          }
        ],
        "responses": {
          "200": {
            "description": "A list of dogs",
            "content": {
              "application/json": {
                "schema": {
                  "type": "array",
                  "items": { "$ref": "#/components/schemas/Dog" }
                }
              }
            }
          },
          "500": { "description": "Server error" }
        }
      },
      "post": {
        "summary": "Add a new dog",
        "requestBody": {
          "required": true,
          "content": {
            "application/json": {
              "schema": { "$ref": "#/components/schemas/Dog" }
            }
          }
        },
        "responses": {
          "201": {
            "description": "Dog created successfully",
            "content": {
              "application/json": {
                "schema": { "$ref": "#/components/schemas/Dog" }
              }
            }
          },
          "400": { "description": "Validation error" },
          "500": { "description": "Server error" }
        }
      }
    },
    "/dogs/{id}": {
      "get": {
        "summary": "Get a specific dog",
        "parameters": [
          {
            "in": "path",
            "name": "id",
            "required": true,
            "schema": { "type": "string" },
            "description": "ID of the dog to retrieve"
          }
        ],
        "responses": {
          "200": {
            "description": "A single dog",
            "content": {
              "application/json": {
                "schema": { "$ref": "#/components/schemas/Dog" }
              }
            }
          },
          "404": { "description": "Dog not found" }
        }
      },
      "put": {
        "summary": "Update a dog",
        "parameters": [
          {
            "in": "path",
            "name": "id",
            "required": true,
            "schema": { "type": "string" },
            "description": "ID of the dog to update"
          }
        ],
        "requestBody": {
          "required": true,
          "content": {
            "application/json": { "schema": { "$ref": "#/components/schemas/Dog" } }
          }
        },
        "responses": {
          "200": {
            "description": "Dog updated successfully",
            "content": {
              "application/json": {
                "schema": { "$ref": "#/components/schemas/Dog" }
              }
            }
          },
          "400": { "description": "Validation error" },
          "404": { "description": "Dog not found" }
        }
      },
      "delete": {
        "summary": "Delete a dog",
        "parameters": [
          {
            "in": "path",
            "name": "id",
            "required": true,
            "schema": { "type": "string" },
            "description": "ID of the dog to delete"
          }
        ],
        "responses": {
          "200": { "description": "Dog deleted successfully" },
          "404": { "description": "Dog not found" }
        }
      }
    }
  },
  "components": {
    "schemas": {
      "Dog": {
        "type": "object",
        "properties": {
          "_id": { "type": "string", "example": "6123456789abcdef01234567" },
          "breed": { "type": "string", "example": "Labrador Retriever" },
          "description": { "type": "string", "example": "Friendly and outgoing" },
          "pictureUrl": { "type": "string", "example": "http://example.com/dog.jpg" },
          "height": { "type": "number", "example": 55 },
          "weight": { "type": "number", "example": 30 },
          "lifeSpan": { "type": "string", "example": "10-12 years" },
          "breedCharacteristics": {
            "type": "array",
            "items": { "type": "string" },
            "example": ["Adaptability", "Kid-Friendly"]
          }
        }
      }
    }
  }
}
